{"name":"CalmSpace Haven","short_name":"CalmSpace","description":"Find peace within. One step at a time.","start_url":"/","display":"standalone","background_color":"#f9f5f2","theme_color":"#f9f5f2","lang":"en","scope":"/","icons":[{"src":"pwa-64x64.png","sizes":"64x64","type":"image/png"},{"src":"pwa-192x192.png","sizes":"192x192","type":"image/png"},{"src":"pwa-512x512.png","sizes":"512x512","type":"image/png"},{"src":"maskable-icon-512x512.png","sizes":"512x512","type":"image/png","purpose":"maskable"}]}