{"name":"CalmSpace Haven","short_name":"CalmSpace","description":"Find peace within. One step at a time.","theme_color":"#f9f5f2","background_color":"#f9f5f2","start_url":"/","display":"standalone","orientation":"portrait","id":"/","scope":"/","categories":["health","lifestyle","wellness"],"screenshots":[{"src":"/pwa-screens/home-screen.png","sizes":"1080x1920","type":"image/png","form_factor":"narrow"},{"src":"/pwa-screens/about-screen.png","sizes":"1080x1920","type":"image/png","form_factor":"narrow"}],"icons":[{"src":"/pwa-icons/icon-192x192.png","sizes":"192x192","type":"image/png"},{"src":"/pwa-icons/icon-512x512.png","sizes":"512x512","type":"image/png"},{"src":"/pwa-icons/icon-512x512.png","sizes":"512x512","type":"image/png","purpose":"maskable"}],"shortcuts":[{"name":"Home","url":"/","icons":[{"src":"/pwa-icons/icon-192x192.png","sizes":"192x192","type":"image/png"}]},{"name":"Login","url":"/login","icons":[{"src":"/pwa-icons/icon-192x192.png","sizes":"192x192","type":"image/png"}]},{"name":"Book Appointment","url":"/book","icons":[{"src":"/pwa-icons/icon-192x192.png","sizes":"192x192","type":"image/png"}]}]}